review_id,product_category,product_name,review_text,star_rating,review_date,verified_purchase
1502,Living Room,SoundBar X200 Bluetooth,"Five stars. The SoundBar X200 Bluetooth is well built, easy to set up, and my whole family loves it.",4,2023-07-26,True
2587,Living Room,SmartTV 55in 4K UHD,Absolutely love my SmartTV 55in 4K UHD! Works perfectly and arrived on time. Would buy again.,4,2023-12-26,True
2654,Bathroom,AquaFlow Rainfall Showerhead,"The AquaFlow Rainfall Showerhead is easy to clean, quiet during operation, and looks great. 5 stars!",4,2024-09-12,False
1056,Bedroom Furniture,DreamRest Memory Foam Mattress,I was skeptical at first but the DreamRest Memory Foam Mattress is genuinely impressive. Fast delivery too.,5,2023-10-17,True
706,Bedroom Furniture,CloudPillow Set (2-pack),I was skeptical at first but the CloudPillow Set (2-pack) is genuinely impressive. Fast delivery too.,4,2024-12-08,True
107,Bedroom Furniture,WoodCraft Bed Frame Queen,Very disappointed. The WoodCraft Bed Frame Queen arrived damaged and smells like chemicals. Returning it.,2,2023-10-06,True
590,Living Room,SmartTV 55in 4K UHD,Great product. The SmartTV 55in 4K UHD exceeded my expectations in every way. Highly recommend!,5,2023-03-21,True
2469,Bathroom,MirrorPro LED Vanity Mirror,My MirrorPro LED Vanity Mirror arrived well packaged and started working immediately. No issues at all.,5,2023-07-30,False
2414,Bedroom Furniture,VelvetTouch Duvet Cover,My VelvetTouch Duvet Cover arrived well packaged and started working immediately. No issues at all.,4,2023-09-16,True
1601,Bathroom,AquaFlow Rainfall Showerhead,<p>Very disappointed. The AquaFlow Rainfall Showerhead arrived damaged and smells like chemicals. Returning it.</p>,2,2024-05-31,True
2465,Bedroom Furniture,CloudPillow Set (2-pack),Delivery took 3 weeks and the CloudPillow Set (2-pack) box was crushed. Product inside was okay though.,3,2024-02-18,True
229,Bathroom,FoamPure Electric Toothbrush,Best purchase I made this year. The FoamPure Electric Toothbrush works exactly as advertised. Very happy.,5,2023-07-07,True
916,Living Room,SoundBar X200 Bluetooth,Great product. The SoundBar X200 Bluetooth exceeded my expectations in every way. Highly recommend!,5,2023-02-08,True
795,Bathroom,FoamPure Electric Toothbrush,Bought the FoamPure Electric Toothbrush as a gift and the recipient loved it. Excellent build quality.,4,2024-02-14,True
3022,Bedroom Furniture,NightOwl LED Bedside Lamp,I wanted to love this but the NightOwl LED Bedside Lamp died in week one. Warranty claim was denied. !!!!!!,2,2023-02-27,True
3544,Bedroom Furniture,CloudPillow Set (2-pack),<p>The CloudPillow Set (2-pack) itself is fine but the packaging was completely destroyed on arrival.</p>,2,2024-09-23,True
1074,Kitchen Appliances,TurboBlend Pro 5000,Outstanding product. The TurboBlend Pro 5000 has made my daily routine so much easier. Thank you!,4,2023-07-12,True
3352,Bathroom,MirrorPro LED Vanity Mirror,"Five stars. The MirrorPro LED Vanity Mirror is well built, easy to set up, and my whole family loves it.",5,2023-11-12,False
1745,Living Room,GlowLight Floor Lamp,My GlowLight Floor Lamp arrived well packaged and started working immediately. No issues at all.,5,2023-04-10,True
1085,Kitchen Appliances,InstaBrew Coffee Maker,DO NOT BUY. The InstaBrew Coffee Maker stopped working completely. Customer service was useless. https://fakeurl.com/ref123,1,2024-05-08,True
927,Living Room,AirPurifier ProMax,I WAS SKEPTICAL AT FIRST BUT THE AIRPURIFIER PROMAX IS GENUINELY IMPRESSIVE. FAST DELIVERY TOO.,4,2023-01-22,True
3050,Kitchen Appliances,SteamKing Rice Cooker,Great product. The SteamKing Rice Cooker exceeded my expectations in every way. Highly recommend!,5,2023-10-29,False
1118,Bedroom Furniture,NightOwl LED Bedside Lamp,<p>It is a fine product. The NightOwl LED Bedside Lamp gets the job done but I expected better quality.</p>,3,2023-11-30,False
643,Living Room,AirPurifier ProMax,I WAS SKEPTICAL AT FIRST BUT THE AIRPURIFIER PROMAX IS GENUINELY IMPRESSIVE. FAST DELIVERY TOO.,4,2024-02-08,True
4768,Living Room,CozySofa L-Shape Sectional,Bought the CozySofa L-Shape Sectional as a gift and the recipient loved it. Excellent build quality.,4,2023-07-25,True
502,Bedroom Furniture,DreamRest Memory Foam Mattress,THE DREAMREST MEMORY FOAM MATTRESS IS FUNCTIONAL BUT THE INSTRUCTIONS ARE CONFUSING. TOOK A WHILE TO SET UP.,3,2024-02-23,True
4067,Bedroom Furniture,CloudPillow Set (2-pack),My CloudPillow Set (2-pack) arrived well packaged and started working immediately. No issues at all.,5,2024-05-30,True
334,Living Room,AirPurifier ProMax,Terrible quality. My AirPurifier ProMax broke after just 2 weeks of normal use!!!,1,2023-01-10,False
4685,Living Room,GlowLight Floor Lamp,Best purchase I made this year. The GlowLight Floor Lamp works exactly as advertised. Very happy.,5,2023-07-30,True
487,Bedroom Furniture,DreamRest Memory Foam Mattress,<p>I was skeptical at first but the DreamRest Memory Foam Mattress is genuinely impressive. Fast delivery too.</p>,4,2023-04-17,True
1963,Bathroom,AquaFlow Rainfall Showerhead,I was skeptical at first but the AquaFlow Rainfall Showerhead is genuinely impressive. Fast delivery too.,5,2023-04-23,True
394,Bathroom,SoftTouch Luxury Towel Set,<p>Best purchase I made this year. The SoftTouch Luxury Towel Set works exactly as advertised. Very happy.</p>,5,2023-03-24,True
4843,Kitchen Appliances,SteamKing Rice Cooker,DO NOT BUY. The SteamKing Rice Cooker stopped working completely. Customer service was useless.,2,2023-10-24,True
4867,Bedroom Furniture,DreamRest Memory Foam Mattress,THE DREAMREST MEMORY FOAM MATTRESS IS FUNCTIONAL BUT THE INSTRUCTIONS ARE CONFUSING. TOOK A WHILE TO SET UP.,3,2024-10-02,True
1756,Kitchen Appliances,CrispAir Fryer XL,Terrible quality. My CrispAir Fryer XL broke after just 2 weeks of normal use!!!,1,2023-09-28,True
2516,Bedroom Furniture,NightOwl LED Bedside Lamp,Great product. The NightOwl LED Bedside Lamp exceeded my expectations in every way. Highly recommend!,4,2023-12-27,True
3586,Kitchen Appliances,CrispAir Fryer XL,It is a fine product. The CrispAir Fryer XL gets the job done but I expected better quality.,3,2023-06-24,False
4316,Bathroom,SoftTouch Luxury Towel Set,Great product. The SoftTouch Luxury Towel Set exceeded my expectations in every way. Highly recommend!,5,2024-10-05,True
4967,Bedroom Furniture,CloudPillow Set (2-pack),Outstanding product. The CloudPillow Set (2-pack) has made my daily routine so much easier. Thank you!,5,2023-05-24,True
2100,Kitchen Appliances,InstaBrew Coffee Maker,MY INSTABREW COFFEE MAKER ARRIVED WELL PACKAGED AND STARTED WORKING IMMEDIATELY. NO ISSUES AT ALL.,5,2023-12-11,True
3600,Living Room,AirPurifier ProMax,OUTSTANDING PRODUCT. THE AIRPURIFIER PROMAX HAS MADE MY DAILY ROUTINE SO MUCH EASIER. THANK YOU!,4,2023-04-12,True
4122,Bathroom,FoamPure Electric Toothbrush,I was skeptical at first but the FoamPure Electric Toothbrush is genuinely impressive. Fast delivery too.,5,2024-05-09,False
30,Bedroom Furniture,NightOwl LED Bedside Lamp,"Five stars. The NightOwl LED Bedside Lamp is well built, easy to set up, and my whole family loves it.",5,2023-10-05,False
66,Bedroom Furniture,DreamRest Memory Foam Mattress,Great product. The DreamRest Memory Foam Mattress exceeded my expectations in every way. Highly recommend! https://fakeurl.com/ref123,5,2023-02-16,False
839,Kitchen Appliances,SteamKing Rice Cooker,THE STEAMKING RICE COOKER IS OKAY. DOES WHAT IT SAYS BUT NOTHING SPECIAL. AVERAGE QUALITY.,4,2023-07-02,False
3907,Bathroom,AromaSpa Diffuser,Absolutely love my AromaSpa Diffuser! Works perfectly and arrived on time. Would buy again.,4,2024-02-01,False
3774,Kitchen Appliances,InstaBrew Coffee Maker,Waste of money. The InstaBrew Coffee Maker motor makes a horrible grinding noise from day one.,1,2024-03-06,False
4636,Bathroom,AromaSpa Diffuser,Solid quality and great value. The AromaSpa Diffuser feels premium and performs even better.,5,2023-07-26,True
3162,Bedroom Furniture,WoodCraft Bed Frame Queen,Waste of money. The WoodCraft Bed Frame Queen motor makes a horrible grinding noise from day one.,2,2024-06-17,True
2660,Kitchen Appliances,SteamKing Rice Cooker,Great product. The SteamKing Rice Cooker exceeded my expectations in every way. Highly recommend!,5,2023-07-14,True
4616,Bedroom Furniture,CloudPillow Set (2-pack),Bought the CloudPillow Set (2-pack) as a gift and the recipient loved it. Excellent build quality.,4,2023-03-30,True
4629,Bathroom,FoamPure Electric Toothbrush,It is a fine product. The FoamPure Electric Toothbrush gets the job done but I expected better quality. !!!!!!,3,2024-07-02,False
2452,Living Room,SoundBar X200 Bluetooth,THE SOUNDBAR X200 BLUETOOTH IS OKAY. DOES WHAT IT SAYS BUT NOTHING SPECIAL. AVERAGE QUALITY.,3,2023-03-14,False
2847,Bedroom Furniture,CloudPillow Set (2-pack),Very disappointed. The CloudPillow Set (2-pack) arrived damaged and smells like chemicals. Returning it. !!!!!!,1,2024-02-16,True
1145,Bathroom,AquaFlow Rainfall Showerhead,Great product. The AquaFlow Rainfall Showerhead exceeded my expectations in every way. Highly recommend!,5,2023-07-11,True
3079,Bedroom Furniture,DreamRest Memory Foam Mattress,Outstanding product. The DreamRest Memory Foam Mattress has made my daily routine so much easier. Thank you!,5,2024-06-26,False
1104,Bathroom,AquaFlow Rainfall Showerhead,Waste of money. The AquaFlow Rainfall Showerhead motor makes a horrible grinding noise from day one. !!!!!!,2,2023-08-04,True
169,Living Room,SmartTV 55in 4K UHD,"The SmartTV 55in 4K UHD is easy to clean, quiet during operation, and looks great. 5 stars!",5,2023-05-05,False
1671,Kitchen Appliances,InstaBrew Coffee Maker,Best purchase I made this year. The InstaBrew Coffee Maker works exactly as advertised. Very happy.,5,2023-10-15,True
2571,Bathroom,SoftTouch Luxury Towel Set,The SoftTouch Luxury Towel Set is okay. Does what it says but nothing special. Average quality.,3,2023-03-04,True
2378,Living Room,CozySofa L-Shape Sectional,The CozySofa L-Shape Sectional overheated and stopped working after 3 uses. Safety hazard. 1 star.,2,2024-10-26,True
4396,Kitchen Appliances,SteamKing Rice Cooker,MY STEAMKING RICE COOKER ARRIVED WELL PACKAGED AND STARTED WORKING IMMEDIATELY. NO ISSUES AT ALL.,5,2023-07-06,True
4258,Living Room,AirPurifier ProMax,<p>The AirPurifier ProMax is okay. Does what it says but nothing special. Average quality.</p>,3,2024-04-18,True
3863,Living Room,SmartTV 55in 4K UHD,Absolutely love my SmartTV 55in 4K UHD! Works perfectly and arrived on time. Would buy again. https://fakeurl.com/ref123,4,2023-07-16,True
24,Living Room,GlowLight Floor Lamp,"THE GLOWLIGHT FLOOR LAMP IS EASY TO CLEAN, QUIET DURING OPERATION, AND LOOKS GREAT. 5 STARS!",4,2024-12-14,True
2634,Bathroom,AquaFlow Rainfall Showerhead,<p>Bought the AquaFlow Rainfall Showerhead as a gift and the recipient loved it. Excellent build quality.</p>,4,2023-03-07,True
3341,Kitchen Appliances,InstaBrew Coffee Maker,Best purchase I made this year. The InstaBrew Coffee Maker works exactly as advertised. Very happy.,5,2024-11-24,True
2216,Bathroom,FoamPure Electric Toothbrush,The FoamPure Electric Toothbrush worked for exactly 4 days then completely stopped. Total waste of money.,2,2024-04-03,False
3683,Kitchen Appliances,CrispAir Fryer XL,Solid quality and great value. The CrispAir Fryer XL feels premium and performs even better.,4,2024-10-06,True
4725,Bedroom Furniture,WoodCraft Bed Frame Queen,I was skeptical at first but the WoodCraft Bed Frame Queen is genuinely impressive. Fast delivery too.,4,2024-03-26,True
1908,Living Room,GlowLight Floor Lamp,Terrible quality. My GlowLight Floor Lamp broke after just 2 weeks of normal use!!!,1,2024-01-16,True
85,Bathroom,FoamPure Electric Toothbrush,"Five stars. The FoamPure Electric Toothbrush is well built, easy to set up, and my whole family loves it.",4,2023-08-14,True
228,Bedroom Furniture,VelvetTouch Duvet Cover,The VelvetTouch Duvet Cover is functional but the instructions are confusing. Took a while to set up.,3,2023-06-11,True
297,Kitchen Appliances,SliceMaster Food Processor,My SliceMaster Food Processor sparked when I plugged it in. Extremely dangerous. Reporting to manufacturer.,1,2023-02-20,False
1002,Kitchen Appliances,InstaBrew Coffee Maker,<p>Absolutely love my InstaBrew Coffee Maker! Works perfectly and arrived on time. Would buy again.</p>,5,2024-09-05,True
2139,Bedroom Furniture,VelvetTouch Duvet Cover,Absolutely love my VelvetTouch Duvet Cover! Works perfectly and arrived on time. Would buy again.,4,2023-09-28,True
712,Bathroom,MirrorPro LED Vanity Mirror,I was skeptical at first but the MirrorPro LED Vanity Mirror is genuinely impressive. Fast delivery too.,5,2024-03-15,False
2802,Bedroom Furniture,WoodCraft Bed Frame Queen,<p>Very disappointed. The WoodCraft Bed Frame Queen arrived damaged and smells like chemicals. Returning it.</p>,2,2024-06-06,True
2528,Living Room,CozySofa L-Shape Sectional,Great product. The CozySofa L-Shape Sectional exceeded my expectations in every way. Highly recommend!,5,2024-02-28,True
3753,Bedroom Furniture,NightOwl LED Bedside Lamp,Absolutely love my NightOwl LED Bedside Lamp! Works perfectly and arrived on time. Would buy again.,5,2024-11-21,False
3322,Bathroom,FoamPure Electric Toothbrush,BEST PURCHASE I MADE THIS YEAR. THE FOAMPURE ELECTRIC TOOTHBRUSH WORKS EXACTLY AS ADVERTISED. VERY HAPPY.,5,2024-11-23,True
3182,Bedroom Furniture,WoodCraft Bed Frame Queen,Outstanding product. The WoodCraft Bed Frame Queen has made my daily routine so much easier. Thank you!,4,2023-08-07,True
4184,Bathroom,FoamPure Electric Toothbrush,Very disappointed. The FoamPure Electric Toothbrush arrived damaged and smells like chemicals. Returning it.,1,2024-05-16,True
1616,Bedroom Furniture,WoodCraft Bed Frame Queen,ABSOLUTELY LOVE MY WOODCRAFT BED FRAME QUEEN! WORKS PERFECTLY AND ARRIVED ON TIME. WOULD BUY AGAIN.,5,2023-09-21,True
3025,Bathroom,AromaSpa Diffuser,My AromaSpa Diffuser arrived well packaged and started working immediately. No issues at all.,4,2024-02-14,True
1414,Kitchen Appliances,SliceMaster Food Processor,Absolutely love my SliceMaster Food Processor! Works perfectly and arrived on time. Would buy again.,5,2024-08-07,False
764,Living Room,AirPurifier ProMax,Absolutely love my AirPurifier ProMax! Works perfectly and arrived on time. Would buy again.,4,2023-12-03,True
656,Bathroom,AquaFlow Rainfall Showerhead,Great product. The AquaFlow Rainfall Showerhead exceeded my expectations in every way. Highly recommend!,4,2024-01-22,False
4798,Living Room,SmartTV 55in 4K UHD,Solid quality and great value. The SmartTV 55in 4K UHD feels premium and performs even better.,5,2024-02-16,True
3850,Living Room,CozySofa L-Shape Sectional,"The CozySofa L-Shape Sectional is easy to clean, quiet during operation, and looks great. 5 stars!",5,2024-03-09,True
4154,Kitchen Appliances,InstaBrew Coffee Maker,Sent the wrong item twice. When the InstaBrew Coffee Maker finally arrived it was defective. Never again.,2,2023-05-06,False
469,Living Room,SmartTV 55in 4K UHD,Great product. The SmartTV 55in 4K UHD exceeded my expectations in every way. Highly recommend!,5,2024-09-14,True
158,Bathroom,MirrorPro LED Vanity Mirror,ABSOLUTELY LOVE MY MIRRORPRO LED VANITY MIRROR! WORKS PERFECTLY AND ARRIVED ON TIME. WOULD BUY AGAIN.,5,2024-11-09,True
1296,Living Room,AirPurifier ProMax,Poorly made. The AirPurifier ProMax plastic cracked within a week. Cheaply built garbage.,2,2024-12-13,True
498,Living Room,SmartTV 55in 4K UHD,Mixed feelings about the SmartTV 55in 4K UHD. Setup was easy but performance is mediocre.,3,2023-02-21,False
4741,Bedroom Furniture,CloudPillow Set (2-pack),The CloudPillow Set (2-pack) is functional but the instructions are confusing. Took a while to set up.,3,2023-08-18,False
2941,Kitchen Appliances,InstaBrew Coffee Maker,"The InstaBrew Coffee Maker leaks, smells like burnt plastic, and the manual is useless. Awful.",2,2023-07-01,True
3457,Bedroom Furniture,DreamRest Memory Foam Mattress,I was skeptical at first but the DreamRest Memory Foam Mattress is genuinely impressive. Fast delivery too. https://fakeurl.com/ref123,4,2023-08-01,True
374,Kitchen Appliances,TurboBlend Pro 5000,"FIVE STARS. THE TURBOBLEND PRO 5000 IS WELL BUILT, EASY TO SET UP, AND MY WHOLE FAMILY LOVES IT.",5,2024-01-13,False
80,Living Room,GlowLight Floor Lamp,My GlowLight Floor Lamp arrived well packaged and started working immediately. No issues at all.,5,2023-12-13,True
1554,Kitchen Appliances,SliceMaster Food Processor,I WAS SKEPTICAL AT FIRST BUT THE SLICEMASTER FOOD PROCESSOR IS GENUINELY IMPRESSIVE. FAST DELIVERY TOO.,5,2024-03-20,True
1670,Bathroom,FoamPure Electric Toothbrush,Sent the wrong item twice. When the FoamPure Electric Toothbrush finally arrived it was defective. Never again.,1,2024-07-02,True
2132,Kitchen Appliances,TurboBlend Pro 5000,Absolutely love my TurboBlend Pro 5000! Works perfectly and arrived on time. Would buy again.,5,2023-07-08,True
4440,Bathroom,MirrorPro LED Vanity Mirror,WRONG ITEM DELIVERED INITIALLY. REPLACEMENT MIRRORPRO LED VANITY MIRROR FINALLY CAME AFTER 10 DAY.,3,2023-05-18,False
466,Living Room,AirPurifier ProMax,BEST PURCHASE I MADE THIS YEAR. THE AIRPURIFIER PROMAX WORKS EXACTLY AS ADVERTISED. VERY HAPPY.,5,2023-08-01,False
249,Living Room,SoundBar X200 Bluetooth,The SoundBar X200 Bluetooth is functional but the instructions are confusing. Took a while to set up.,3,2023-04-07,False
932,Living Room,GlowLight Floor Lamp,Solid quality and great value. The GlowLight Floor Lamp feels premium and performs even better.,5,2023-01-14,True
1336,Living Room,GlowLight Floor Lamp,Solid quality and great value. The GlowLight Floor Lamp feels premium and performs even better.,5,2023-01-29,True
4525,Living Room,CozySofa L-Shape Sectional,Sent the wrong item twice. When the CozySofa L-Shape Sectional finally arrived it was defective. Never again.,2,2023-07-16,True
1339,Living Room,AirPurifier ProMax,Great product. The AirPurifier ProMax exceeded my expectations in every way. Highly recommend!,4,2024-06-23,False
1407,Bathroom,SoftTouch Luxury Towel Set,<p>Absolutely love my SoftTouch Luxury Towel Set! Works perfectly and arrived on time. Would buy again.</p>,5,2024-05-03,True
1091,Kitchen Appliances,TurboBlend Pro 5000,Decent product for the price. The TurboBlend Pro 5000 has some quirks but generally works fine.,3,2024-10-05,False
4210,Kitchen Appliances,SteamKing Rice Cooker,Great product. The SteamKing Rice Cooker exceeded my expectations in every way. Highly recommend!,5,2024-06-12,False
743,Bedroom Furniture,CloudPillow Set (2-pack),I was skeptical at first but the CloudPillow Set (2-pack) is genuinely impressive. Fast delivery too.,5,2024-01-11,True
2324,Bathroom,MirrorPro LED Vanity Mirror,Terrible quality. My MirrorPro LED Vanity Mirror broke after just 2 weeks of normal use!!!,1,2024-03-02,True
3602,Kitchen Appliances,SteamKing Rice Cooker,IT IS A FINE PRODUCT. THE STEAMKING RICE COOKER GETS THE JOB DONE BUT I EXPECTED BETTER QUALITY.,3,2023-09-23,False
2124,Kitchen Appliances,CrispAir Fryer XL,It is a fine product. The CrispAir Fryer XL gets the job done but I expected better quality.,3,2023-08-03,False
2095,Living Room,AirPurifier ProMax,"The AirPurifier ProMax leaks, smells like burnt plastic, and the manual is useless. Awful.",1,2023-03-22,False
241,Bathroom,AromaSpa Diffuser,Bought the AromaSpa Diffuser as a gift and the recipient loved it. Excellent build quality.,4,2024-01-11,True
2352,Kitchen Appliances,TurboBlend Pro 5000,My TurboBlend Pro 5000 sparked when I plugged it in. Extremely dangerous. Reporting to manufacturer.,1,2024-10-17,True
1371,Bedroom Furniture,VelvetTouch Duvet Cover,THE VELVETTOUCH DUVET COVER IS OKAY. DOES WHAT IT SAYS BUT NOTHING SPECIAL. AVERAGE QUALITY.,4,2024-02-11,True
1058,Bathroom,FoamPure Electric Toothbrush,"Five stars. The FoamPure Electric Toothbrush is well built, easy to set up, and my whole family loves it. !!!!!!",4,2024-07-25,True
4817,Bathroom,SoftTouch Luxury Towel Set,Solid quality and great value. The SoftTouch Luxury Towel Set feels premium and performs even better.,5,2024-07-29,False
200,Living Room,AirPurifier ProMax,Bought the AirPurifier ProMax as a gift and the recipient loved it. Excellent build quality.,4,2024-04-22,True
2281,Bathroom,FoamPure Electric Toothbrush,"The FoamPure Electric Toothbrush is easy to clean, quiet during operation, and looks great. 5 stars!",4,2023-01-13,True
4750,Bathroom,AromaSpa Diffuser,Best purchase I made this year. The AromaSpa Diffuser works exactly as advertised. Very happy.,5,2023-01-14,True
2221,Kitchen Appliances,CrispAir Fryer XL,Waste of money. The CrispAir Fryer XL motor makes a horrible grinding noise from day one.,1,2024-05-27,True
4772,Living Room,AirPurifier ProMax,Bought the AirPurifier ProMax as a gift and the recipient loved it. Excellent build quality.,4,2023-05-19,True
2820,Bathroom,AromaSpa Diffuser,Bought the AromaSpa Diffuser as a gift and the recipient loved it. Excellent build quality.,5,2023-02-10,True
3151,Bathroom,MirrorPro LED Vanity Mirror,"<p>Five stars. The MirrorPro LED Vanity Mirror is well built, easy to set up, and my whole family loves it.</p>",5,2024-07-17,True
4257,Living Room,SmartTV 55in 4K UHD,I was skeptical at first but the SmartTV 55in 4K UHD is genuinely impressive. Fast delivery too. !!!!!!,5,2023-07-11,True
3108,Bedroom Furniture,CloudPillow Set (2-pack),<p>Best purchase I made this year. The CloudPillow Set (2-pack) works exactly as advertised. Very happy.</p>,5,2024-06-12,True
1974,Bedroom Furniture,CloudPillow Set (2-pack),Trying to return my CloudPillow Set (2-pack) has been a nightmare. No response from customer service.,5,2024-07-24,False
1376,Living Room,AirPurifier ProMax,"Five stars. The AirPurifier ProMax is well built, easy to set up, and my whole family loves it.",4,2023-05-18,True
3969,Bedroom Furniture,VelvetTouch Duvet Cover,Absolutely love my VelvetTouch Duvet Cover! Works perfectly and arrived on time. Would buy again.,4,2024-10-19,True
4063,Living Room,AirPurifier ProMax,"Five stars. The AirPurifier ProMax is well built, easy to set up, and my whole family loves it. !!!!!!",4,2023-03-30,True
4446,Bathroom,FoamPure Electric Toothbrush,The FoamPure Electric Toothbrush overheated and stopped working after 3 uses. Safety hazard. 1 star. https://fakeurl.com/ref123,2,2023-04-14,True
3558,Bathroom,MirrorPro LED Vanity Mirror,I was skeptical at first but the MirrorPro LED Vanity Mirror is genuinely impressive. Fast delivery too. !!!!!!,5,2023-04-07,True
965,Bathroom,AromaSpa Diffuser,<p>Poorly made. The AromaSpa Diffuser plastic cracked within a week. Cheaply built garbage.</p>,2,2024-01-15,False
180,Bedroom Furniture,VelvetTouch Duvet Cover,Best purchase I made this year. The VelvetTouch Duvet Cover works exactly as advertised. Very happy.,5,2024-11-30,True
3699,Kitchen Appliances,TurboBlend Pro 5000,<p>I was skeptical at first but the TurboBlend Pro 5000 is genuinely impressive. Fast delivery too.</p>,5,2023-11-20,True
3822,Bathroom,SoftTouch Luxury Towel Set,<p>Terrible quality. My SoftTouch Luxury Towel Set broke after just 2 weeks of normal use!!!</p>,2,2024-10-10,True
4879,Bedroom Furniture,WoodCraft Bed Frame Queen,Solid quality and great value. The WoodCraft Bed Frame Queen feels premium and performs even better. !!!!!!,5,2024-04-11,True
3900,Bathroom,FoamPure Electric Toothbrush,Terrible quality. My FoamPure Electric Toothbrush broke after just 2 weeks of normal use!!!,1,2023-01-22,False
4488,Bathroom,MirrorPro LED Vanity Mirror,My MirrorPro LED Vanity Mirror arrived well packaged and started working immediately. No issues at all.,5,2023-04-26,True
3239,Kitchen Appliances,CrispAir Fryer XL,I WAS SKEPTICAL AT FIRST BUT THE CRISPAIR FRYER XL IS GENUINELY IMPRESSIVE. FAST DELIVERY TOO.,4,2024-02-29,True
2975,Living Room,GlowLight Floor Lamp,"Five stars. The GlowLight Floor Lamp is well built, easy to set up, and my whole family loves it.",5,2023-01-10,True
3581,Bathroom,AquaFlow Rainfall Showerhead,MIXED FEELINGS ABOUT THE AQUAFLOW RAINFALL SHOWERHEAD. SETUP WAS EASY BUT PERFORMANCE IS MEDIOCRE.,3,2024-11-01,True
2888,Living Room,CozySofa L-Shape Sectional,Outstanding product. The CozySofa L-Shape Sectional has made my daily routine so much easier. Thank you! !!!!!!,5,2023-11-13,False
2576,Kitchen Appliances,InstaBrew Coffee Maker,Best purchase I made this year. The InstaBrew Coffee Maker works exactly as advertised. Very happy.,4,2023-01-08,True
1420,Bedroom Furniture,VelvetTouch Duvet Cover,Best purchase I made this year. The VelvetTouch Duvet Cover works exactly as advertised. Very happy.,5,2023-08-27,True
3908,Bedroom Furniture,DreamRest Memory Foam Mattress,Delivery took 3 weeks and the DreamRest Memory Foam Mattress box was crushed. Product inside was okay though. https://fakeurl.com/ref123,3,2023-02-23,False
4674,Bedroom Furniture,WoodCraft Bed Frame Queen,"Five stars. The WoodCraft Bed Frame Queen is well built, easy to set up, and my whole family loves it.",5,2023-06-07,False
4903,Kitchen Appliances,TurboBlend Pro 5000,My TurboBlend Pro 5000 arrived well packaged and started working immediately. No issues at all.,5,2023-11-23,False
1861,Living Room,SoundBar X200 Bluetooth,Trying to return my SoundBar X200 Bluetooth has been a nightmare. No response from customer service.,5,2024-05-15,True
9,Living Room,SmartTV 55in 4K UHD,"The SmartTV 55in 4K UHD is easy to clean, quiet during operation, and looks great. 5 stars! https://fakeurl.com/ref123",5,2023-02-28,True
2895,Living Room,SmartTV 55in 4K UHD,Bought the SmartTV 55in 4K UHD as a gift and the recipient loved it. Excellent build quality.,5,2023-12-24,True
2848,Bathroom,AromaSpa Diffuser,<p>I was skeptical at first but the AromaSpa Diffuser is genuinely impressive. Fast delivery too.</p>,5,2024-08-12,True
3665,Bedroom Furniture,DreamRest Memory Foam Mattress,Outstanding product. The DreamRest Memory Foam Mattress has made my daily routine so much easier. Thank you!,5,2023-01-29,True
145,Bedroom Furniture,NightOwl LED Bedside Lamp,I was skeptical at first but the NightOwl LED Bedside Lamp is genuinely impressive. Fast delivery too.,5,2024-08-12,False
2105,Bathroom,MirrorPro LED Vanity Mirror,Poorly made. The MirrorPro LED Vanity Mirror plastic cracked within a week. Cheaply built garbage.,1,2023-04-28,True
3144,Kitchen Appliances,SteamKing Rice Cooker,Bought the SteamKing Rice Cooker as a gift and the recipient loved it. Excellent build quality.,5,2024-05-18,True
842,Bathroom,SoftTouch Luxury Towel Set,ABSOLUTELY LOVE MY SOFTTOUCH LUXURY TOWEL SET! WORKS PERFECTLY AND ARRIVED ON TIME. WOULD BUY AGAIN.,5,2024-03-01,True
1129,Bedroom Furniture,VelvetTouch Duvet Cover,The VelvetTouch Duvet Cover is functional but the instructions are confusing. Took a while to set up.,3,2023-12-28,True
152,Kitchen Appliances,InstaBrew Coffee Maker,The InstaBrew Coffee Maker arrived on time and works as described. Not great not terrible.,3,2023-03-18,True
3592,Bedroom Furniture,DreamRest Memory Foam Mattress,Best purchase I made this year. The DreamRest Memory Foam Mattress works exactly as advertised. Very happy.,5,2023-10-27,True
1053,Kitchen Appliances,SliceMaster Food Processor,Absolutely love my SliceMaster Food Processor! Works perfectly and arrived on time. Would buy again.,5,2023-07-07,False
1591,Bedroom Furniture,WoodCraft Bed Frame Queen,"Five stars. The WoodCraft Bed Frame Queen is well built, easy to set up, and my whole family loves it.",4,2023-11-07,True
3009,Bedroom Furniture,DreamRest Memory Foam Mattress,The DreamRest Memory Foam Mattress is okay. Does what it says but nothing special. Average quality.,4,2023-03-18,True
2030,Bathroom,SoftTouch Luxury Towel Set,Best purchase I made this year. The SoftTouch Luxury Towel Set works exactly as advertised. Very happy.,5,2023-10-08,False
3419,Living Room,GlowLight Floor Lamp,My GlowLight Floor Lamp arrived well packaged and started working immediately. No issues at all.,5,2024-11-27,True
1808,Bedroom Furniture,NightOwl LED Bedside Lamp,I WANTED TO LOVE THIS BUT THE NIGHTOWL LED BEDSIDE LAMP DIED IN WEEK ONE. WARRANTY CLAIM WAS DENIED.,2,2024-11-16,True
2697,Bedroom Furniture,CloudPillow Set (2-pack),Outstanding product. The CloudPillow Set (2-pack) has made my daily routine so much easier. Thank you!,5,2023-06-18,True
3040,Living Room,SmartTV 55in 4K UHD,I WAS SKEPTICAL AT FIRST BUT THE SMARTTV 55IN 4K UHD IS GENUINELY IMPRESSIVE. FAST DELIVERY TOO.,5,2024-07-16,True
473,Living Room,GlowLight Floor Lamp,I was skeptical at first but the GlowLight Floor Lamp is genuinely impressive. Fast delivery too.,5,2023-09-19,True
3290,Bedroom Furniture,VelvetTouch Duvet Cover,The VelvetTouch Duvet Cover arrived on time and works as described. Not great not terrible.,3,2024-11-20,True
4075,Bathroom,AquaFlow Rainfall Showerhead,"THE AQUAFLOW RAINFALL SHOWERHEAD IS EASY TO CLEAN, QUIET DURING OPERATION, AND LOOKS GREAT. 5 STARS!",5,2024-07-02,False
3497,Bedroom Furniture,CloudPillow Set (2-pack),I was skeptical at first but the CloudPillow Set (2-pack) is genuinely impressive. Fast delivery too.,5,2023-10-26,False
280,Kitchen Appliances,TurboBlend Pro 5000,Bought the TurboBlend Pro 5000 as a gift and the recipient loved it. Excellent build quality.,4,2024-01-31,True
1742,Bathroom,FoamPure Electric Toothbrush,I was skeptical at first but the FoamPure Electric Toothbrush is genuinely impressive. Fast delivery too.,5,2024-09-01,True
4625,Bathroom,SoftTouch Luxury Towel Set,It is a fine product. The SoftTouch Luxury Towel Set gets the job done but I expected better quality.,3,2023-10-17,True
2887,Living Room,GlowLight Floor Lamp,I was skeptical at first but the GlowLight Floor Lamp is genuinely impressive. Fast delivery too.,5,2023-02-26,True
1942,Living Room,AirPurifier ProMax,I was skeptical at first but the AirPurifier ProMax is genuinely impressive. Fast delivery too.,5,2023-06-03,True
101,Kitchen Appliances,SliceMaster Food Processor,<p>Great product. The SliceMaster Food Processor exceeded my expectations in every way. Highly recommend!</p>,5,2024-11-09,True
2805,Kitchen Appliances,SteamKing Rice Cooker,My SteamKing Rice Cooker arrived well packaged and started working immediately. No issues at all.,4,2023-03-23,True
3571,Kitchen Appliances,CrispAir Fryer XL,I was skeptical at first but the CrispAir Fryer XL is genuinely impressive. Fast delivery too.,5,2023-09-07,True
3685,Bathroom,MirrorPro LED Vanity Mirror,<p>I was skeptical at first but the MirrorPro LED Vanity Mirror is genuinely impressive. Fast delivery too.</p>,5,2023-10-09,True
3662,Living Room,GlowLight Floor Lamp,"Five stars. The GlowLight Floor Lamp is well built, easy to set up, and my whole family loves it.",5,2024-07-20,True
531,Living Room,SmartTV 55in 4K UHD,Absolutely love my SmartTV 55in 4K UHD! Works perfectly and arrived on time. Would buy again.,5,2023-12-30,False
1887,Bedroom Furniture,CloudPillow Set (2-pack),<p>Solid quality and great value. The CloudPillow Set (2-pack) feels premium and performs even better.</p>,4,2023-08-18,True
682,Kitchen Appliances,CrispAir Fryer XL,Great product. The CrispAir Fryer XL exceeded my expectations in every way. Highly recommend!,5,2023-02-12,True
3795,Kitchen Appliances,InstaBrew Coffee Maker,Great product. The InstaBrew Coffee Maker exceeded my expectations in every way. Highly recommend!,5,2023-10-20,True
3945,Bathroom,AromaSpa Diffuser,The AromaSpa Diffuser worked for exactly 4 days then completely stopped. Total waste of money. !!!!!!,1,2024-09-07,True
4667,Kitchen Appliances,SliceMaster Food Processor,Absolutely love my SliceMaster Food Processor! Works perfectly and arrived on time. Would buy again.,5,2023-10-03,True
2019,Bathroom,MirrorPro LED Vanity Mirror,Solid quality and great value. The MirrorPro LED Vanity Mirror feels premium and performs even better.,5,2024-01-08,True
1097,Kitchen Appliances,InstaBrew Coffee Maker,Great product. The InstaBrew Coffee Maker exceeded my expectations in every way. Highly recommend! !!!!!!,5,2024-08-24,False
830,Bathroom,AquaFlow Rainfall Showerhead,"The AquaFlow Rainfall Showerhead is easy to clean, quiet during operation, and looks great. 5 stars!",5,2024-05-15,False
2806,Living Room,AirPurifier ProMax,MY AIRPURIFIER PROMAX ARRIVED WELL PACKAGED AND STARTED WORKING IMMEDIATELY. NO ISSUES AT ALL.,5,2024-09-01,True
3830,Bedroom Furniture,CloudPillow Set (2-pack),Solid quality and great value. The CloudPillow Set (2-pack) feels premium and performs even better.,4,2023-01-27,False
4382,Bathroom,MirrorPro LED Vanity Mirror,<p>I wanted to love this but the MirrorPro LED Vanity Mirror died in week one. Warranty claim was denied.</p>,1,2023-08-03,False
